{"0.484.ll": {"3": {"24/03 13:32": {"min": 0.43481199999999376, "avg": 0.5074466666666714, "std": 0.06929316013544959}, "24/03 13:33": {"min": 0.4993259999999964, "avg": 0.5746243333333325, "std": 0.054562755699793485}, "24/03 13:36": {"min": 0.4466330000000198, "avg": 0.4488153333333382, "std": 0.0025306555584477977}, "24/03 13:53": {"min": 0.454780999999997, "avg": 0.5086263333333344, "std": 0.04212098376766455}, "24/03 13:59": {"min": 0.44331099999999424, "avg": 0.45147133333333045, "std": 0.00582153246338379}}, "10": {"24/03 14:00": {"min": 0.4408209999999997, "avg": 0.4976353999999986, "std": 0.06034214002867417}, "24/03 14:02": {"min": 0.4405619999999999, "avg": 0.4736331000000007, "std": 0.03199589098447216}, "24/03 14:05": {"min": 0.4392750000000092, "avg": 0.4681241, "std": 0.02668072233822687}, "24/03 14:06": {"min": 0.4432369999999537, "avg": 0.4694623999999976, "std": 0.02567335938750875}, "24/03 14:09": {"min": 0.4370059999999967, "avg": 0.4888475999999969, "std": 0.03843677363203746}}, "20": {"24/03 14:10": {"min": 0.43781799999999294, "avg": 0.4755651499999999, "std": 0.03827900480064659}, "24/03 14:12": {"min": 0.43839700000000903, "avg": 0.47311935000000177, "std": 0.03855365695141316}, "24/03 14:13": {"min": 0.4310120000000097, "avg": 0.4552651999999995, "std": 0.028279221977630994}, "24/03 14:15": {"min": 0.4353629999999953, "avg": 0.4835758999999996, "std": 0.049536141834924184}, "24/03 14:16": {"min": 0.43552999999997155, "avg": 0.4699117000000001, "std": 0.027892912078333935}}, "30": {"24/03 14:32": {"min": 0.43118199999999973, "avg": 0.4682617, "std": 0.041603287587361}, "24/03 14:33": {"min": 0.4294409999999971, "avg": 0.4580908999999996, "std": 0.03212704600213514}, "24/03 14:35": {"min": 0.4303390000000036, "avg": 0.44995343333333343, "std": 0.025900151004301153}, "24/03 14:36": {"min": 0.42725300000000743, "avg": 0.4517572666666666, "std": 0.024082737536712723}}}, "0.4996.ll": {"3": {"24/03 13:32": {"min": 0.44023500000000126, "avg": 0.4747029999999957, "std": 0.02585764041825439}, "24/03 13:33": {"min": 0.5063959999999952, "avg": 0.5202590000000006, "std": 0.014129777280631004}, "24/03 13:36": {"min": 0.4460459999999955, "avg": 0.4499743333333299, "std": 0.003347743950121913}, "24/03 13:53": {"min": 0.4340750000000071, "avg": 0.44077466666666965, "std": 0.00522779152436221}, "24/03 13:59": {"min": 0.4374349999999936, "avg": 0.4485753333333283, "std": 0.01228241269277654}}, "10": {"24/03 14:00": {"min": 0.4421660000000145, "avg": 0.45157170000000235, "std": 0.01450368147782165}, "24/03 14:02": {"min": 0.4349149999999895, "avg": 0.45665539999999966, "std": 0.02151876408253116}, "24/03 14:05": {"min": 0.43864899999999807, "avg": 0.46431580000000283, "std": 0.03111570628091843}, "24/03 14:07": {"min": 0.43862000000001444, "avg": 0.44238750000000093, "std": 0.0033689732931474477}, "24/03 14:09": {"min": 0.43400300000001835, "avg": 0.4578742000000034, "std": 0.026317283601478635}}, "20": {"24/03 14:10": {"min": 0.4362679999999841, "avg": 0.45536965000000007, "std": 0.018673309008514796}, "24/03 14:12": {"min": 0.43349500000005037, "avg": 0.44971044999999776, "std": 0.009903028993569922}, "24/03 14:13": {"min": 0.4355669999999918, "avg": 0.44658640000000105, "std": 0.011647893695435379}, "24/03 14:16": {"min": 0.4333920000000262, "avg": 0.44835234999999896, "std": 0.018085970594009314}, "24/03 14:17": {"min": 0.4365660000000844, "avg": 0.4890864499999964, "std": 0.04294328682048602}}, "30": {"24/03 14:32": {"min": 0.4262669999999993, "avg": 0.44463523333333327, "std": 0.016735958856472742}}}, "0.446.ll": {"3": {"24/03 13:32": {"min": 0.4440689999999847, "avg": 0.4878796666666669, "std": 0.036749166243016655}, "24/03 13:33": {"min": 0.44639100000000553, "avg": 0.46992233333332933, "std": 0.017291711026443023}, "24/03 13:36": {"min": 0.4358880000000056, "avg": 0.4401986666666744, "std": 0.005051130192569375}, "24/03 13:53": {"min": 0.43603899999999385, "avg": 0.4410346666666669, "std": 0.0035339556999091147}, "24/03 13:59": {"min": 0.44180400000001896, "avg": 0.44261833333333317, "std": 0.0007249893485781404}}, "10": {"24/03 14:00": {"min": 0.4412849999999935, "avg": 0.45555010000000207, "std": 0.02545086201860494}, "24/03 14:02": {"min": 0.4375039999999899, "avg": 0.47025350000000116, "std": 0.046405400039748496}, "24/03 14:05": {"min": 0.4316699999999969, "avg": 0.4413250000000005, "std": 0.004444258048311663}, "24/03 14:07": {"min": 0.4326019999999744, "avg": 0.4410215999999991, "std": 0.004349490158631068}, "24/03 14:09": {"min": 0.4390070000000037, "avg": 0.4478711999999973, "std": 0.012914521716266317}}, "20": {"24/03 14:11": {"min": 0.43320099999999684, "avg": 0.4480118500000003, "std": 0.010687389111818544}, "24/03 14:12": {"min": 0.43764199999998254, "avg": 0.4479796499999992, "std": 0.004990532048541624}, "24/03 14:13": {"min": 0.43018299999999954, "avg": 0.45241604999999935, "std": 0.02216478443720256}, "24/03 14:16": {"min": 0.4335960000000796, "avg": 0.44550570000000106, "std": 0.0062787332806767335}, "24/03 14:17": {"min": 0.43131099999993694, "avg": 0.4547503000000006, "std": 0.012112565880522307}}, "30": {"24/03 14:32": {"min": 0.43005099999999885, "avg": 0.44320236666666657, "std": 0.007090614761703612}}}, "0.4398.ll": {"3": {"24/03 13:32": {"min": 0.4404230000000098, "avg": 0.4642773333333328, "std": 0.023313454260477314}, "24/03 13:33": {"min": 0.4648740000000089, "avg": 0.4694236666666711, "std": 0.0034477473160723494}, "24/03 13:36": {"min": 0.44188800000000583, "avg": 0.44757633333333047, "std": 0.004054965871889255}, "24/03 13:53": {"min": 0.4476459999999918, "avg": 0.4549946666666642, "std": 0.00960532534009936}, "24/03 13:59": {"min": 0.4441190000000006, "avg": 0.44718566666666487, "std": 0.0022978387430092543}}, "10": {"24/03 14:00": {"min": 0.4362560000000144, "avg": 0.45126900000000203, "std": 0.010502141076931554}, "24/03 14:02": {"min": 0.4370490000000018, "avg": 0.45519390000000043, "std": 0.024199847513781066}, "24/03 14:05": {"min": 0.4393079999999827, "avg": 0.4602249000000029, "std": 0.028356859862998286}, "24/03 14:07": {"min": 0.4346790000000169, "avg": 0.4673864999999978, "std": 0.03199327278429193}, "24/03 14:09": {"min": 0.42550699999998187, "avg": 0.44337939999999776, "std": 0.010178013295328841}}, "20": {"24/03 14:11": {"min": 0.433495999999991, "avg": 0.44970064999999976, "std": 0.018077353858566583}, "24/03 14:12": {"min": 0.43941300000000183, "avg": 0.4513539500000007, "std": 0.012265743008372599}, "24/03 14:13": {"min": 0.4546689999999671, "avg": 0.4665824999999984, "std": 0.007192241024189288}, "24/03 14:16": {"min": 0.43795399999999063, "avg": 0.4448714499999994, "std": 0.006104165614357481}, "24/03 14:17": {"min": 0.43481999999994514, "avg": 0.4492245000000025, "std": 0.01727203315042684}}, "30": {"24/03 14:32": {"min": 0.4257089999999977, "avg": 0.44246703333333337, "std": 0.007584020809057797}}}, "0.5203.ll": {"3": {"24/03 13:32": {"min": 0.4455849999999941, "avg": 0.48670033333333623, "std": 0.029787872267462354}, "24/03 13:33": {"min": 0.4468429999999728, "avg": 0.4507146666666699, "std": 0.005041255950223496}, "24/03 13:36": {"min": 0.439598999999987, "avg": 0.44510233333333343, "std": 0.00627822503225433}, "24/03 13:53": {"min": 0.4590180000000146, "avg": 0.47291833333333483, "std": 0.013136160076503164}, "24/03 13:59": {"min": 0.4417439999999999, "avg": 0.44673166666666475, "std": 0.004386528189298831}}, "10": {"24/03 14:00": {"min": 0.443759, "avg": 0.451436799999999, "std": 0.006007590145803343}, "24/03 14:02": {"min": 0.4323890000000006, "avg": 0.4475892999999985, "std": 0.006482036038928793}, "24/03 14:05": {"min": 0.4366370000000188, "avg": 0.4502106000000026, "std": 0.0077335614460577445}, "24/03 14:07": {"min": 0.4420819999999708, "avg": 0.4630113000000051, "std": 0.01738724282369604}, "24/03 14:09": {"min": 0.43711999999999307, "avg": 0.44793789999999944, "std": 0.012274355546815396}}, "20": {"24/03 14:11": {"min": 0.4378950000000259, "avg": 0.45099864999999967,